,Column 1,Column 2,Column 3,Column 4,Column 5,Column 6,Column 7,Column 8,Column 9
0,-,(` million),-,-,-,-,-,-,-
1,Derivative Derivative,-,-,-,-,-,-,-,-
2,instruments instruments,-,-,-,-,-,-,-,-
3,in hedging not in hedging Amortized,-,-,-,-,-,-,-,-
4,Particulars (as at 31 March 2020) FVTPL relationship relationship cost,Total,-,-,-,-,-,-,-
5,Financial assets,-,-,-,-,-,-,-,-
6,Cash and cash equivalents  -  -  - ,"9,880.01","9,880.01",-,-,-,-,-,-
7,Bank balances other than cash and cash equivalents  -  -  - ,"1,377.02","1,377.02",-,-,-,-,-,-
8,Investments ,"9,820.23",-,-,"3,436.27","13,256.50",-,-,-
9,Trade receivables  -  -  - ,"8,352.52","8,352.52",-,-,-,-,-,-
10,Loans  -  -  - ,"2,049.79","2,049.79",-,-,-,-,-,-
11,Derivative assets  - ,196.53,128.05,324.58,-,-,-,-,-
12,Unbilled receivables  -  -  - ,"9,343.02","9,343.02",-,-,-,-,-,-
13,Other financial assets  -  -  - ,388.18,388.18,-,-,-,-,-,-
14,Total ,"9,820.23",196.53,128.05,"34,826.81","44,971.62",-,-,-
15,Financial liabilities,-,-,-,-,-,-,-,-
16,Borrowings  -  -  - ,"5,712.85","5,712.85",-,-,-,-,-,-
17,Lease liabilities  -  -  - ,"7,241.00","7,241.00",-,-,-,-,-,-
18,Trade payables  -  -  - ,"6,666.81","6,666.81",-,-,-,-,-,-
19,Derivative liabilities  - ,"1,475.29",245.34,"1,720.63",-,-,-,-,-
20,Other financial liabilities  -  -  - ,"3,072.90","3,072.90",-,-,-,-,-,-
21,Total  - ,"1,475.29",245.34,"22,693.56","24,414.19",-,-,-,-
22,Fair value hierarchy,-,-,-,-,-,-,-,-
23, March,2020,-,-,-,-,-,-,-
24, Level,2,Level 3,-,-,-,-,-,-
25,Assets,-,-,-,-,-,-,-,-
26,Investments,"15,370.59","12,955.32","2,415.27",-,"9,820.23","8,214.92","1,605.31",-
27,Derivative assets ,"1,111.63",-,"1,111.63",-,324.58,-,324.58,-
28,Liabilities,-,-,-,-,-,-,-,-
29,Derivative liabilities ,112.74,-,112.74,-,"1,720.63",-,"1,720.63",-
30,Offsetting financial assets with liabilities,-,-,-,-,-,-,-,-
31,As at,As at,-,-,-,-,-,-,-
32, March,2020,-,-,-,-,-,-,-
33,Gross amount of recognised trade receivables (net of provision for ECL) ,"11,409.72","13,150.09",-,-,-,-,-,-
34,-,"4,797.57",-,-,-,-,-,-,-
35,Net amount presented in balance sheet ,"9,294.82","8,352.52",-,-,-,-,-,-
36,-,77,-,-,-,-,-,-,-
