,Column 1,Column 2,Column 3,Column 4,Column 5,Column 6
0,Forward contracts outstanding against financial assets are as below:,-,-,-,-,-
1, March,2020,-,-,-,-
2,Amount Amount in  Amount Amount in,-,-,-,-,-
3,Balance sheet hedges (million) (` million) (million) (` million),-,-,-,-,-
4,USD,104.17,"7,616.10",102.02,"7,719.58",-
5,GBP,3.43,345.74,1.97,184.20,-
6,EUR,5.23,448.19,3.68,304.30,-
7,CAD,2.05,118.76,2.94,156.16,-
8,AUD,3.95,220.04,2.87,132.08,-
9,SGD  -  - ,0.47,24.79,-,-,-
10,SEK,5.93,49.68,5.64,42.12,-
11,Forward contracts outstanding against financial liabilities are as below:,-,-,-,-,-
12,USD ,10.00,731.10,31.56,"2,387.99",-
13, March,2020,-,-,-,-
14,Amount Amount in  Amount Amount in,-,-,-,-,-
15,Balance sheet hedges (million) (` million) (million) (` million),-,-,-,-,-
16,USD ,10.93,798.97,33.94,"2,567.83",-
17,GBP,7.15,720.78,3.16,295.27,-
18,EUR,7.07,605.91,5.20,430.16,-
19,CAD,0.34,19.50,-,-,-
20,AUD,1.88,104.60,2.69,123.94,-
21,SGD ,1.08,58.63,-,-,-
22,USD ,2.72,198.86,7.36,557.02,-
23,GBP ,1.19,119.41,3.42,320.18,-
24,EUR,0.58,49.94,0.28,23.18,-
25,AUD ,0.66,36.76,-,-,-
26,CAD ,0.31,17.78,-,-,-
27,NZD ,0.45,23.03,-,-,-
28,PLN ,0.38,6.97,-,-,-
29,Sensitivity analysis,-,-,-,-,-
30,approximately ` 6.80 million for the year ended 31 March 2021 (31 March 2020: ` 5.00 million).,-,-,-,-,-
31,"values, due to the short-term nature of these instruments.",-,-,-,-,-
32,estimate the fair values:,-,-,-,-,-
33,-,81.0,-,-,-,-
