,Column 1,Column 2,Column 3,Column 4
0,-,(` million),-,-
1,As at,As at,-,-
2, March,2021,31 March 2020,-
3,EQUITY AND LIABILITIES,-,-,-
4,EQUITY,-,-,-
5,Share capital,16,"1,870.49","1,865.43"
6,Other equity,17,"63,396.61","56,430.56"
7,Total equity ,"65,267.10","58,295.99",-
8,LIABILITIES,-,-,-
9,Non-current liabilities,-,-,-
10,Financial liabilities,-,-,-
11,Lease liabilities ,"5,370.38","5,844.40",-
12,Other financial liabilities,18,39.69,630.82
13,Employee benefit obligations,19,727.68,697.90
14,Deferred tax liabilities (net),23,342.86,137.32
15,Income tax liabilities (net),23,242.25,256.81
16,Other liabilities,20,562.53,-
17,Total non-current liabilities ,"7,285.39","7,567.25",-
18,Current liabilities,-,-,-
19,Financial liabilities,-,-,-
20,Borrowings,21,"5,134.50","5,712.85"
21,Lease liabilities ,"1,306.14","1,396.60",-
22,Trade payables,-,-,-
23,- outstanding dues to micro and small enterprises ,4.94,5.07,-
24,-  outstanding dues to creditors other than micro and small enterprises ,"5,959.02","6,661.74",-
25,Other financial liabilities,18,"3,241.49","4,162.71"
26,Other liabilities,20,"2,770.22","2,377.29"
27,Employee benefit obligations,19,970.11,720.46
28,Provisions,22,496.99,68.30
29,Income tax liabilities (net),23,"1,553.58",566.65
30,Total current liabilities ,"21,436.99","21,671.67",-
31,TOTAL EQUITY AND LIABILITIES ,"93,989.48","87,534.91",-
32,Chartered Accountants,-,-,-
33,ICAI Firm registration number: 101248W/W-100022,-,-,-
34,Amit Somani Nitin Rakesh Narayanan Kumar,-,-,-
35,Partner Chief Executive Officer Director,-,-,-
36,Manish Dugar Subramanian Narayan,-,-,-
37,Chief Financial Officer Senior Vice President & Company Secretary,-,-,-
38,Bengaluru Bengaluru Bengaluru,-,-,-
39, May,2021,-,-
40,30,-,-,-
