,Column 1,Column 2,Column 3,Column 4
0,-,-,(` million),-
1,-,As at,As at,-
2,Notes,31 March 2021,31 March 2020,-
3,ASSETS,-,-,-
4,Non-current assets,-,-,-
5,"Property, plant and equipment",3,"2,117.82","1,699.74"
6,Capital work-in-progress,3,31.27,73.80
7,Right-of-use assets,4,"5,677.15","6,236.41"
8,Goodwill,5,"21,325.67","21,404.74"
9,Other intangible assets,7,"1,074.48",794.04
10,Intangible assets under development,-,93.22,-
11,Financial assets,-,-,-
12,Investments,8,"3,114.28","3,478.70"
13,Loans,9,547.17,640.68
14,Other financial assets,10,928.75,164.71
15,Deferred tax assets (net),23,"1,260.72","2,157.46"
16,Income tax assets (net),23,"5,496.40","4,882.58"
17,Other assets,11,"1,013.12","1,778.27"
18,Total non-current assets,"42,586.83","43,404.35",-
19,Current assets,-,-,-
20,Financial assets,-,-,-
21,Investments,12,"15,345.90","9,777.80"
22,Trade receivables,13,"9,294.82","8,352.52"
23,Unbilled receivables,"9,210.05","9,343.02",-
24,Cash and cash equivalents,14,"7,711.44","9,880.01"
25,Bank balances other than cash and cash equivalents,15,"2,910.98","1,377.02"
26,Loans,9,"1,468.93","1,409.11"
27,Other financial assets,10,"1,280.74",548.05
28,Other assets,11,"4,179.79","3,443.03"
29,Total current assets,"51,402.65","44,130.56",-
30,TOTAL ASSETS,"93,989.48","87,534.91",-
31,-,-,29,-
